Time (s),Upstream (V),Downstream (V)
20,0.26992,0.15003
20.033,0.26483,0.15385
20.067,0.26101,0.15003
20.1,0.27246,0.15385
20.133,0.27501,0.1513
20.167,0.27246,0.10546
20.2,0.26864,0.14239
20.233,0.26355,0.15767
20.267,0.26355,0.1513
20.3,0.27756,0.16149
20.333,0.2801,0.15894
20.367,0.26992,0.16022
20.4,0.26992,0.1564
20.433,0.27246,0.15767
20.467,0.26737,0.14494
20.5,0.25973,0.14748
20.533,0.26992,0.15767
20.567,0.26483,0.15258
20.6,0.27374,0.14366
20.633,0.27374,0.16658
20.667,0.27883,0.1564
20.7,0.27501,0.16022
20.733,0.27756,0.16149
20.767,0.27119,0.15003
20.8,0.27756,0.16022
20.833,0.26992,0.16149
20.867,0.26483,0.15894
20.9,0.25846,0.15003
20.933,0.25209,0.15385
20.967,0.24827,0.1513
21,0.23936,0.14876
21.033,0.25337,0.13602
21.067,0.25337,0.13602
21.1,0.25719,0.1322
21.133,0.25591,0.1373
21.167,0.25337,0.13857
21.2,0.26737,0.14239
21.233,0.27501,0.14494
21.267,0.26864,0.14112
21.3,0.2661,0.14366
21.333,0.27756,0.14621
21.367,0.26737,0.14876
21.4,0.27374,0.14112
21.433,0.27246,0.14621
21.467,0.27119,0.14748
21.5,0.26737,0.14494
21.533,0.27374,0.13348
21.567,0.27628,0.14494
21.6,0.26864,0.14494
21.633,0.26737,0.14876
21.667,0.26228,0.15258
21.7,0.27119,0.15003
21.733,0.27501,0.13857
21.767,0.25591,0.1564
21.8,0.247,0.14621
21.833,0.24955,0.1564
21.867,0.24955,0.1564
21.9,0.25209,0.14621
21.933,0.24955,0.15385
21.967,0.25591,0.15385
22,0.26355,0.14876
22.033,0.25719,0.16658
22.067,0.27119,0.1373
22.1,0.25591,0.1564
22.133,0.26864,0.16022
22.167,0.25973,0.15767
22.2,0.26101,0.14748
22.233,0.26101,0.15258
22.267,0.25846,0.1513
22.3,0.26101,0.13984
22.333,0.25846,0.1513
22.367,0.25591,0.15258
22.4,0.247,0.14621
22.433,0.24573,0.14621
22.467,0.24318,0.1513
22.5,0.25464,0.13602
22.533,0.25337,0.1513
22.567,0.26355,0.15003
22.6,0.25846,0.14366
22.633,0.26101,0.14621
22.667,0.26228,0.13857
22.7,0.25591,0.14621
22.733,0.26864,0.14621
22.767,0.26355,0.14621
22.8,0.25973,0.14112
22.833,0.25209,0.14876
22.867,0.26483,0.15894
22.9,0.26228,0.14112
22.933,0.25973,0.14621
22.967,0.25209,0.15003
23,0.2661,0.14366
23.033,0.2661,0.1373
23.067,0.25846,0.15003
23.1,0.25209,0.13984
23.133,0.24573,0.14366
23.167,0.26737,0.14748
23.2,0.25973,0.14112
23.233,0.26355,0.14239
23.267,0.25846,0.13857
23.3,0.25209,0.14366
23.333,0.25337,0.15258
23.367,0.25591,0.14621
23.4,0.25209,0.14494
23.433,0.25719,0.15385
23.467,0.25846,0.15258
23.5,0.25337,0.14366
23.533,0.25719,0.14239
23.567,0.25846,0.13984
23.6,0.25719,0.13857
23.633,0.25464,0.14112
23.667,0.25846,0.14112
23.7,0.25846,0.14112
23.733,0.27246,0.14748
23.767,0.26864,0.14621
23.8,0.2661,0.14621
23.833,0.25846,0.14494
23.867,0.25337,0.14621
23.9,0.26228,0.16149
23.933,0.26228,0.14366
23.967,0.26992,0.12711
24,0.26737,0.14876
24.033,0.27246,0.13984
24.067,0.26355,0.14876
24.1,0.2801,0.14366
24.133,0.27246,0.14621
24.167,0.2661,0.14876
24.2,0.26355,0.15003
24.233,0.25591,0.15003
24.267,0.26228,0.15894
24.3,0.26228,0.15894
24.333,0.26864,0.15767
24.367,0.27246,0.16149
24.4,0.25719,0.15767
24.433,0.25337,0.15385
24.467,0.25846,0.16531
24.5,0.25973,0.16149
24.533,0.25846,0.14621
24.567,0.26101,0.16022
24.6,0.25719,0.15258
24.633,0.25973,0.14366
24.667,0.27119,0.14621
24.7,0.26992,0.14494
24.733,0.26228,0.14621
24.767,0.26864,0.14366
24.8,0.26864,0.14748
24.833,0.26864,0.14748
24.867,0.26737,0.15385
24.9,0.26737,0.15003
24.933,0.25973,0.14876
24.967,0.26101,0.14366
25,0.27756,0.1564
25.033,0.26737,0.14366
25.067,0.27628,0.14366
25.1,0.26864,0.15003
25.133,0.27501,0.13857
25.167,0.27119,0.14366
25.2,0.28647,0.15385
25.233,0.27628,0.14494
25.267,0.26864,0.14366
25.3,0.26737,0.14876
25.333,0.25846,0.1373
25.367,0.27246,0.14748
25.4,0.26737,0.15385
25.433,0.26737,0.12966
25.467,0.27246,0.15003
25.5,0.27883,0.15512
25.533,0.26864,0.14876
25.567,0.27883,0.1564
25.6,0.27756,0.1513
25.633,0.2801,0.14621
25.667,0.27374,0.15512
25.7,0.27756,0.15512
25.733,0.27119,0.15385
25.767,0.27374,0.15385
25.8,0.26737,0.15767
25.833,0.26483,0.14748
25.867,0.28265,0.14239
25.9,0.27501,0.15894
25.933,0.27501,0.14748
25.967,0.26355,0.1513
26,0.26737,0.15512
26.033,0.26228,0.15385
26.067,0.26101,0.14494
26.1,0.25973,0.1513
26.133,0.25209,0.14239
26.167,0.25719,0.14876
26.2,0.25973,0.14494
26.233,0.26355,0.15385
26.267,0.26228,0.14494
26.3,0.27374,0.14748
26.333,0.26737,0.15003
26.367,0.27246,0.15003
26.4,0.27501,0.1564
26.433,0.28265,0.14621
26.467,0.27883,0.15385
26.5,0.26737,0.15258
26.533,0.28902,0.14239
26.567,0.27501,0.13984
26.6,0.27246,0.14239
26.633,0.26737,0.14621
26.667,0.26737,0.1373
26.7,0.26483,0.13602
26.733,0.27756,0.13348
26.767,0.26864,0.1373
26.8,0.2661,0.13475
26.833,0.26483,0.13475
26.867,0.26864,0.14621
26.9,0.27883,0.10928
26.933,0.27501,0.14621
26.967,0.2852,0.14876
27,0.27374,0.15258
27.033,0.29665,0.14748
27.067,0.28647,0.15003
27.1,0.2801,0.14876
27.133,0.27883,0.14876
27.167,0.28902,0.13602
27.2,0.27628,0.13984
27.233,0.28647,0.14494
27.267,0.27246,0.14494
27.3,0.26737,0.14366
27.333,0.2661,0.13984
27.367,0.26864,0.14112
27.4,0.26864,0.14621
27.433,0.26737,0.14494
27.467,0.25846,0.13475
27.5,0.25337,0.15003
27.533,0.26992,0.14494
27.567,0.25846,0.13984
27.6,0.23554,0.14748
27.633,0.26483,0.16149
27.667,0.25973,0.15512
27.7,0.26101,0.15003
27.733,0.26228,0.14876
27.767,0.2661,0.1322
27.8,0.26355,0.14494
27.833,0.27883,0.14748
27.867,0.27628,0.13857
27.9,0.2852,0.1513
27.933,0.27628,0.14876
27.967,0.27628,0.14112
28,0.26992,0.16022
28.033,0.26864,0.15258
28.067,0.25719,0.16404
28.1,0.25719,0.15894
28.133,0.2661,0.15512
28.167,0.26228,0.14621
28.2,0.25846,0.14621
28.233,0.25464,0.1513
28.267,0.25464,0.14621
28.3,0.25209,0.15003
28.333,0.25209,0.15385
28.367,0.24445,0.13093
28.4,0.24955,0.1564
28.433,0.27374,0.1564
28.467,0.26355,0.15258
28.5,0.2661,0.14621
28.533,0.25591,0.15385
28.567,0.26101,0.15003
28.6,0.26101,0.14366
28.633,0.27628,0.15003
28.667,0.27501,0.14876
28.7,0.27756,0.15258
28.733,0.27628,0.15512
28.767,0.26864,0.15003
28.8,0.26992,0.13348
28.833,0.26483,0.1513
28.867,0.27374,0.13984
28.9,0.2661,0.15385
28.933,0.26737,0.14621
28.967,0.25337,0.1513
29,0.25973,0.14112
29.033,0.25846,0.14239
29.067,0.25846,0.14621
29.1,0.26228,0.14748
29.133,0.26355,0.14748
29.167,0.26992,0.14621
29.2,0.26737,0.1564
29.233,0.26228,0.15767
29.267,0.24827,0.15894
29.3,0.25591,0.15767
29.333,0.25846,0.15003
29.367,0.26355,0.14876
29.4,0.26737,0.14621
29.433,0.26355,0.15385
29.467,0.25209,0.15258
29.5,0.24573,0.1513
29.533,0.25337,0.1564
29.567,0.25464,0.15385
29.6,0.26355,0.15385
29.633,0.26737,0.15385
29.667,0.26355,0.14876
29.7,0.26228,0.14621
29.733,0.26737,0.15003
29.767,0.2661,0.16022
29.8,0.26864,0.15003
29.833,0.27501,0.10546
29.867,0.26864,0.15003
29.9,0.27374,0.14621
29.933,0.26992,0.15512
29.967,0.27628,0.15767
30,0.26737,0.15385
30.033,0.26992,0.14876
30.067,0.26101,0.15258
30.1,0.26483,0.13857
30.133,0.2661,0.16276
30.167,0.26992,0.15767
30.2,0.26864,0.1513
30.233,0.25719,0.15258
30.267,0.27628,0.14366
30.3,0.25591,0.1513
30.333,0.27119,0.15385
30.367,0.27756,0.14748
30.4,0.26992,0.14366
30.433,0.27119,0.1513
30.467,0.28392,0.14748
30.5,0.26864,0.14112
30.533,0.2801,0.14239
30.567,0.27246,0.13984
30.6,0.26228,0.15003
30.633,0.26483,0.1513
30.667,0.26101,0.14876
30.7,0.27756,0.13093
30.733,0.27374,0.14621
30.767,0.27246,0.13475
30.8,0.26355,0.14366
30.833,0.26355,0.1513
30.867,0.25719,0.15512
30.9,0.25337,0.14748
30.933,0.26483,0.14748
30.967,0.2661,0.15003
31,0.24827,0.15003
31.033,0.24573,0.14621
31.067,0.26101,0.14876
31.1,0.25719,0.14112
31.133,0.27374,0.1373
31.167,0.26992,0.14748
31.2,0.26864,0.14621
31.233,0.26483,0.15003
31.267,0.2661,0.1564
31.3,0.25719,0.12202
31.333,0.25846,0.15258
31.367,0.25846,0.15003
31.4,0.24955,0.14621
31.433,0.25846,0.1564
31.467,0.24827,0.16149
31.5,0.2661,0.1513
31.533,0.2661,0.16149
31.567,0.27501,0.1513
31.6,0.27374,0.15003
31.633,0.26355,0.14748
31.667,0.25209,0.14748
31.7,0.24063,0.15258
31.733,0.24191,0.13475
31.767,0.23045,0.15003
31.8,0.25719,0.14621
31.833,0.25464,0.14112
31.867,0.27246,0.14621
31.9,0.25973,0.15512
31.933,0.26228,0.14876
31.967,0.26355,0.14748
32,0.25973,0.14621
32.033,0.25973,0.14621
32.067,0.26101,0.15258
32.1,0.26864,0.14112
32.133,0.25464,0.14621
32.167,0.27501,0.14112
32.2,0.26864,0.14494
32.233,0.27756,0.13984
32.267,0.27246,0.15258
32.3,0.27374,0.14876
32.333,0.26737,0.1373
32.367,0.27246,0.14748
32.4,0.27246,0.14366
32.433,0.25846,0.14112
32.467,0.27374,0.1564
32.5,0.27501,0.1513
32.533,0.26992,0.14621
32.567,0.26864,0.15003
32.6,0.29156,0.14748
32.633,0.27628,0.15258
32.667,0.27756,0.1513
32.7,0.27628,0.15512
32.733,0.26355,0.14366
32.767,0.26864,0.10164
32.8,0.26864,0.1513
32.833,0.25973,0.15003
32.867,0.25846,0.14876
32.9,0.24827,0.15512
32.933,0.24318,0.14621
32.967,0.26228,0.1513
33,0.26101,0.15894
33.033,0.26864,0.14621
33.067,0.26483,0.15512
33.1,0.26737,0.15258
33.133,0.26101,0.14366
33.167,0.25846,0.14621
33.2,0.25209,0.15512
33.233,0.24827,0.15258
33.267,0.26228,0.1564
33.3,0.26355,0.15767
33.333,0.27246,0.15385
33.367,0.27628,0.15258
33.4,0.28265,0.15258
33.433,0.27246,0.15385
33.467,0.26992,0.14621
33.5,0.27246,0.15258
33.533,0.25846,0.14876
33.567,0.26483,0.14621
33.6,0.25846,0.15258
33.633,0.27246,0.13475
33.667,0.26992,0.15003
33.7,0.26992,0.15258
33.733,0.2661,0.14621
33.767,0.27501,0.15512
33.8,0.26737,0.16022
33.833,0.29029,0.15512
33.867,0.2801,0.15385
33.9,0.27501,0.16531
33.933,0.2992,0.15894
33.967,0.29283,0.15512
34,0.28138,0.16404
34.033,0.27501,0.14494
34.067,0.28902,0.1513
34.1,0.28392,0.15258
34.133,0.2801,0.1564
34.167,0.28138,0.15512
34.2,0.28647,0.1564
34.233,0.27628,0.12838
34.267,0.27628,0.14748
34.3,0.28647,0.14876
34.333,0.27756,0.1513
34.367,0.27501,0.15258
34.4,0.26992,0.15003
34.433,0.28265,0.14112
34.467,0.26864,0.13984
34.5,0.27756,0.13984
34.533,0.27756,0.1373
34.567,0.27628,0.14239
34.6,0.27119,0.14748
34.633,0.26737,0.14621
34.667,0.27119,0.12074
34.7,0.2661,0.1513
34.733,0.27119,0.14366
34.767,0.26483,0.14494
34.8,0.28265,0.14748
34.833,0.26864,0.15003
34.867,0.27374,0.15385
34.9,0.26864,0.16658
34.933,0.26228,0.1564
34.967,0.25591,0.15894
35,0.25846,0.15894
35.033,0.25082,0.1564
35.067,0.25846,0.15767
35.1,0.26864,0.15003
35.133,0.27374,0.15258
35.167,0.27246,0.14876
35.2,0.27119,0.14621
35.233,0.26101,0.14621
35.267,0.25337,0.14876
35.3,0.26228,0.14112
35.333,0.25337,0.15003
35.367,0.26992,0.14876
35.4,0.2661,0.14366
35.433,0.26483,0.1564
35.467,0.26355,0.14621
35.5,0.25464,0.14748
35.533,0.26101,0.14876
35.567,0.25464,0.14621
35.6,0.26101,0.15003
35.633,0.25591,0.15258
35.667,0.24955,0.14621
35.7,0.25337,0.11947
35.733,0.25209,0.15258
35.767,0.24445,0.14112
35.8,0.24955,0.15512
35.833,0.27246,0.15258
35.867,0.27246,0.14494
35.9,0.2801,0.14748
35.933,0.26737,0.14621
35.967,0.25464,0.15003
36,0.25591,0.15385
36.033,0.26101,0.16022
36.067,0.25846,0.15258
36.1,0.26864,0.16149
36.133,0.26864,0.15003
36.167,0.26864,0.15003
36.2,0.26228,0.1564
36.233,0.26483,0.16276
36.267,0.25846,0.14748
36.3,0.25464,0.15258
36.333,0.26737,0.15512
36.367,0.25846,0.15385
36.4,0.25973,0.15385
36.433,0.25082,0.16149
36.467,0.25209,0.1564
36.5,0.247,0.15512
36.533,0.26355,0.15512
36.567,0.25082,0.14239
36.6,0.25846,0.15003
36.633,0.27756,0.15767
36.667,0.27374,0.1513
36.7,0.2661,0.1564
36.733,0.26355,0.15767
36.767,0.27246,0.15258
36.8,0.26483,0.14494
36.833,0.28265,0.1513
36.867,0.27374,0.14876
36.9,0.25846,0.14748
36.933,0.26992,0.14748
36.967,0.26992,0.15003
37,0.2801,0.1564
37.033,0.27119,0.16276
37.067,0.28392,0.15767
37.1,0.2852,0.15767
37.133,0.26992,0.1564
37.167,0.27374,0.13857
37.2,0.26355,0.1513
37.233,0.26355,0.14748
37.267,0.25337,0.14876
37.3,0.25719,0.1564
37.333,0.25209,0.15894
37.367,0.26737,0.15258
37.4,0.26228,0.15003
37.433,0.26864,0.14621
37.467,0.26992,0.13857
37.5,0.27628,0.14494
37.533,0.26992,0.14239
37.567,0.27119,0.14621
37.6,0.26864,0.13475
37.633,0.2801,0.14112
37.667,0.27756,0.14748
37.7,0.26737,0.14112
37.733,0.27501,0.1564
37.767,0.2661,0.14876
37.8,0.27119,0.14621
37.833,0.26737,0.14748
37.867,0.26992,0.1513
37.9,0.26228,0.15258
37.933,0.28138,0.15385
37.967,0.28392,0.1564
38,0.2852,0.14876
38.033,0.28902,0.15003
38.067,0.28902,0.15767
38.1,0.29156,0.15003
38.133,0.28392,0.1564
38.167,0.27756,0.16786
38.2,0.26992,0.12711
38.233,0.27883,0.1513
38.267,0.27374,0.1564
38.3,0.27119,0.13984
38.333,0.26355,0.13602
38.367,0.26228,0.13348
38.4,0.26355,0.14876
38.433,0.26355,0.14239
38.467,0.26101,0.13984
38.5,0.25337,0.14876
38.533,0.25719,0.15385
38.567,0.26228,0.15385
38.6,0.26483,0.15512
38.633,0.26228,0.14621
38.667,0.26737,0.15767
38.7,0.26737,0.14239
38.733,0.26864,0.14748
38.767,0.26864,0.1513
38.8,0.27246,0.14494
38.833,0.27374,0.13475
38.867,0.27246,0.1564
38.9,0.2852,0.14621
38.933,0.28392,0.14494
38.967,0.27628,0.15003
39,0.27374,0.13857
39.033,0.27628,0.13857
39.067,0.27628,0.14366
39.1,0.27119,0.13602
39.133,0.25719,0.15258
39.167,0.25591,0.14366
39.2,0.25591,0.14239
39.233,0.25846,0.14366
39.267,0.26355,0.14494
39.3,0.24955,0.14239
39.333,0.25846,0.15767
39.367,0.24827,0.16149
39.4,0.25973,0.1513
39.433,0.25337,0.15385
39.467,0.25973,0.14621
39.5,0.24827,0.1513
39.533,0.25973,0.15003
39.567,0.27374,0.15512
39.6,0.26483,0.14621
39.633,0.26864,0.14876
39.667,0.26228,0.12838
39.7,0.2661,0.15003
39.733,0.25846,0.15767
39.767,0.27756,0.1513
39.8,0.27374,0.1513
39.833,0.27374,0.14621
39.867,0.27501,0.14621
39.9,0.27246,0.15258
39.933,0.27119,0.15258
39.967,0.26228,0.14621
40,0.27374,0.1513
40.033,0.26737,0.14621
40.067,0.28392,0.14748
40.1,0.27374,0.14112
40.133,0.27374,0.14239
40.167,0.27628,0.15003
40.2,0.26864,0.14876
40.233,0.27374,0.1513
40.267,0.27119,0.14621
40.3,0.27374,0.14621
40.333,0.26101,0.15003
40.367,0.25591,0.15258
40.4,0.25082,0.14876
40.433,0.27374,0.14748
40.467,0.27756,0.1513
40.5,0.27756,0.14621
40.533,0.27628,0.14366
40.567,0.28265,0.15003
40.6,0.28774,0.15003
40.633,0.2852,0.15512
40.667,0.26864,0.15512
40.7,0.26355,0.15258
40.733,0.26483,0.15258
40.767,0.26864,0.15003
40.8,0.2661,0.14876
40.833,0.26483,0.15385
40.867,0.26737,0.1513
40.9,0.27374,0.15894
40.933,0.26483,0.15003
40.967,0.27374,0.14494
41,0.26737,0.15385
41.033,0.25464,0.1513
41.067,0.25464,0.15385
41.1,0.25591,0.15767
41.133,0.25591,0.13093
41.167,0.25973,0.14239
41.2,0.26355,0.1564
41.233,0.25846,0.15003
41.267,0.25591,0.14621
41.3,0.26355,0.15003
41.333,0.26228,0.14366
41.367,0.25591,0.1564
41.4,0.27119,0.14494
41.433,0.25973,0.14748
41.467,0.26992,0.14239
41.5,0.27501,0.14621
41.533,0.26355,0.13857
41.567,0.25973,0.12838
41.6,0.26483,0.14112
41.633,0.25082,0.14239
41.667,0.24955,0.14366
41.7,0.25846,0.15003
41.733,0.25337,0.13984
41.767,0.25973,0.14748
41.8,0.26101,0.14621
41.833,0.26992,0.13602
41.867,0.26864,0.14239
41.9,0.27628,0.13857
41.933,0.27119,0.14621
41.967,0.26864,0.13475
42,0.27501,0.13602
42.033,0.27246,0.14621
42.067,0.27374,0.14621
42.1,0.27246,0.15385
42.133,0.27628,0.14494
42.167,0.26864,0.15003
42.2,0.26355,0.14621
42.233,0.25464,0.14239
42.267,0.24827,0.14366
42.3,0.25591,0.14748
42.333,0.24573,0.14494
42.367,0.25337,0.14494
42.4,0.24827,0.15003
42.433,0.26737,0.14494
42.467,0.25973,0.14112
42.5,0.27756,0.15767
42.533,0.26228,0.1513
42.567,0.26355,0.14494
42.6,0.27374,0.11692
42.633,0.26483,0.14748
42.667,0.27374,0.14621
42.7,0.27119,0.14748
42.733,0.26992,0.14621
42.767,0.26864,0.15258
42.8,0.27628,0.14621
42.833,0.26355,0.15385
42.867,0.25846,0.15385
42.9,0.27246,0.15003
42.933,0.2661,0.14748
42.967,0.26483,0.15512
43,0.26228,0.15258
43.033,0.26101,0.14112
43.067,0.25591,0.14748
43.1,0.27374,0.15385
43.133,0.27119,0.1513
43.167,0.28392,0.15385
43.2,0.28392,0.1513
43.233,0.2801,0.14494
43.267,0.2852,0.14112
43.3,0.28392,0.14621
43.333,0.2801,0.15003
43.367,0.27501,0.14876
43.4,0.28265,0.14366
43.433,0.26737,0.1564
43.467,0.26228,0.13348
43.5,0.26864,0.1564
43.533,0.27374,0.1513
43.567,0.25591,0.14366
43.6,0.25719,0.14876
43.633,0.26483,0.14748
43.667,0.25719,0.14621
43.7,0.26992,0.15512
43.733,0.25973,0.15894
43.767,0.26101,0.14876
43.8,0.25973,0.14876
43.833,0.26864,0.15385
43.867,0.2661,0.15258
43.9,0.26737,0.15258
43.933,0.26864,0.15512
43.967,0.26101,0.1513
44,0.28392,0.14621
44.033,0.27246,0.14621
44.067,0.27628,0.12074
44.1,0.27501,0.14876
44.133,0.27883,0.15385
44.167,0.27628,0.14366
44.2,0.26864,0.14621
44.233,0.26992,0.14366
44.267,0.26483,0.14494
44.3,0.27883,0.15003
44.333,0.26864,0.14621
44.367,0.28138,0.1373
44.4,0.27756,0.14366
44.433,0.28774,0.14876
44.467,0.2852,0.15512
44.5,0.27628,0.13093
44.533,0.27628,0.1513
44.567,0.2661,0.15003
44.6,0.25719,0.1513
44.633,0.25337,0.14876
44.667,0.26864,0.14748
44.7,0.26737,0.14366
44.733,0.2661,0.14748
44.767,0.26355,0.15003
44.8,0.26483,0.14621
44.833,0.26992,0.14748
44.867,0.26101,0.14366
44.9,0.27119,0.1513
44.933,0.2661,0.14748
44.967,0.26864,0.15003
45,0.26228,0.15767
45.033,0.28138,0.14748
45.067,0.26737,0.15003
45.1,0.2852,0.16404
45.133,0.29029,0.1704
45.167,0.27374,0.15894
45.2,0.27628,0.16404
45.233,0.27501,0.16276
45.267,0.27628,0.16022
45.3,0.27119,0.15767
45.333,0.28647,0.16022
45.367,0.28265,0.1513
45.4,0.26101,0.15003
45.433,0.25846,0.14876
45.467,0.26355,0.14366
45.5,0.26228,0.14494
45.533,0.25846,0.11438
45.567,0.26992,0.15003
45.6,0.26355,0.14239
45.633,0.26992,0.15003
45.667,0.26737,0.14366
45.7,0.26355,0.14748
45.733,0.25719,0.14748
45.767,0.26355,0.14748
45.8,0.2661,0.13857
45.833,0.26228,0.14366
45.867,0.25973,0.14112
45.9,0.24955,0.14239
45.933,0.26864,0.14876
45.967,0.26737,0.1322
46,0.27756,0.1322
46.033,0.26864,0.1513
46.067,0.26992,0.14748
46.1,0.25973,0.14621
46.133,0.26864,0.15512
46.167,0.27501,0.15003
46.2,0.26101,0.1513
46.233,0.27883,0.14748
46.267,0.27119,0.14621
46.3,0.28902,0.15003
46.333,0.28392,0.15894
46.367,0.26228,0.14876
46.4,0.25591,0.15385
46.433,0.25591,0.15385
46.467,0.26101,0.15003
46.5,0.26483,0.14239
46.533,0.26483,0.14876
46.567,0.26101,0.14366
46.6,0.26737,0.14748
46.633,0.26864,0.14366
46.667,0.26483,0.15767
46.7,0.25719,0.14876
46.733,0.26228,0.14494
46.767,0.25464,0.14366
46.8,0.25464,0.14621
46.833,0.25337,0.14112
46.867,0.24573,0.14494
46.9,0.25591,0.14112
46.933,0.24955,0.13857
46.967,0.25209,0.15258
47,0.24573,0.12838
47.033,0.27246,0.15767
47.067,0.26737,0.15258
47.1,0.26101,0.15003
47.133,0.26355,0.15003
47.167,0.26737,0.14366
47.2,0.27119,0.1322
47.233,0.2661,0.15258
47.267,0.2661,0.15385
47.3,0.25846,0.15512
47.333,0.27374,0.1564
47.367,0.27246,0.1513
47.4,0.26864,0.15258
47.433,0.26737,0.13475
47.467,0.27628,0.14748
47.5,0.27374,0.15003
47.533,0.28392,0.14621
47.567,0.28265,0.14748
47.6,0.28138,0.14112
47.633,0.28265,0.15003
47.667,0.28138,0.15258
47.7,0.2801,0.15512
47.733,0.27628,0.14876
47.767,0.27883,0.1513
47.8,0.26864,0.1513
47.833,0.27628,0.15767
47.867,0.27883,0.14366
47.9,0.27119,0.1564
47.933,0.27246,0.15385
47.967,0.26864,0.1513
48,0.26101,0.15003
48.033,0.26101,0.15512
48.067,0.26355,0.1513
48.1,0.25973,0.13475
48.133,0.26101,0.13984
48.167,0.26737,0.14366
48.2,0.26737,0.13984
48.233,0.27119,0.1373
48.267,0.27119,0.1564
48.3,0.26864,0.14239
48.333,0.26737,0.14112
48.367,0.25846,0.14621
48.4,0.24827,0.13984
48.433,0.26355,0.14494
48.467,0.25846,0.13093
48.5,0.27883,0.14239
48.533,0.27756,0.15258
48.567,0.2801,0.1513
48.6,0.27883,0.14621
48.633,0.27883,0.14876
48.667,0.25973,0.1513
48.7,0.25719,0.14621
48.733,0.26228,0.15894
48.767,0.26483,0.1564
48.8,0.26992,0.14748
48.833,0.26864,0.14748
48.867,0.27374,0.15258
48.9,0.27246,0.14112
48.933,0.25846,0.14621
48.967,0.25719,0.14621
49,0.25591,0.15003
49.033,0.26737,0.14876
49.067,0.25973,0.1513
49.1,0.27119,0.15003
49.133,0.27501,0.14876
49.167,0.26228,0.15258
49.2,0.26228,0.15003
49.233,0.2661,0.16022
49.267,0.26101,0.15385
49.3,0.26864,0.14876
49.333,0.2661,0.1513
49.367,0.25973,0.1564
49.4,0.2661,0.1513
49.433,0.25591,0.14494
49.467,0.26228,0.1564
49.5,0.25209,0.12202
49.533,0.26355,0.14748
49.567,0.247,0.15258
49.6,0.2801,0.14621
49.633,0.27119,0.15003
49.667,0.2801,0.14494
49.7,0.27883,0.13857
49.733,0.27883,0.1513
49.767,0.2661,0.1564
49.8,0.26101,0.15512
49.833,0.26737,0.14494
49.867,0.25846,0.15003
49.9,0.26864,0.14748
49.933,0.26737,0.1513
49.967,0.27246,0.15767
50,0.2661,0.15512
50.033,0.25591,0.15512
50.067,0.25846,0.15003
50.1,0.27374,0.14366
50.133,0.26864,0.14748
50.167,0.26992,0.1564
50.2,0.28902,0.14748
50.233,0.2801,0.14621
50.267,0.30939,0.14621
50.3,0.31066,0.15258
50.333,0.35013,0.14748
50.367,0.3514,0.14621
50.4,0.43034,0.15512
50.433,0.43161,0.14876
50.467,0.50164,0.15003
50.5,0.55129,0.1564
50.533,0.57803,0.10037
50.567,0.7359,0.14494
50.6,0.73463,0.14366
50.633,0.90141,0.14494
50.667,0.90396,0.1513
50.7,1.142,0.15512
50.733,1.1408,0.14112
50.767,1.3992,0.15385
50.8,1.4183,0.15258
50.833,1.5291,0.14621
50.867,1.673,0.14239
50.9,1.6831,0.14112
50.933,1.8881,0.1373
50.967,1.8881,0.14366
51,2.1351,0.14876
51.033,2.1237,0.1564
51.067,2.3783,0.1513
51.1,2.3681,0.1513
51.133,2.5171,0.15258
51.167,2.5705,0.14621
51.2,2.6469,0.14876
51.233,2.7615,0.14494
51.267,2.7552,0.15385
51.3,2.8685,0.15003
51.333,2.8634,0.1564
51.367,2.913,0.16022
51.4,2.9054,0.14494
51.433,2.8736,0.15894
51.467,2.8761,0.16022
51.5,2.8214,0.15003
51.533,2.7755,0.14876
51.567,2.7552,0.15258
51.6,2.689,0.14876
51.633,2.6762,0.14239
51.667,2.4942,0.13602
51.7,2.4954,0.14239
51.733,2.3286,0.14239
51.767,2.3261,0.14239
51.8,2.1364,0.14112
51.833,2.1058,0.13602
51.867,2.0027,0.14239
51.9,1.925,0.15894
51.933,1.9187,0.14621
51.967,1.743,0.15385
52,1.7404,0.14112
52.033,1.5749,0.15003
52.067,1.5724,0.14494
52.1,1.4336,0.14876
52.133,1.4234,0.14239
52.167,1.3165,0.1513
52.2,1.2643,0.15385
52.233,1.2388,0.14366
52.267,1.1077,0.14366
52.3,1.1051,0.15258
52.333,0.98417,0.14494
52.367,0.9829,0.14748
52.4,0.89887,0.14112
52.433,0.89377,0.13475
52.467,0.80211,0.14366
52.5,0.79065,0.14239
52.533,0.76773,0.14748
52.567,0.73463,0.14876
52.6,0.72444,0.15258
52.633,0.65442,0.15003
52.667,0.65442,0.1513
52.7,0.59585,0.1564
52.733,0.58185,0.14876
52.767,0.54874,0.14621
52.8,0.5411,0.15258
52.833,0.50418,0.15894
52.867,0.50036,0.15258
52.9,0.49909,0.1564
52.933,0.47235,0.15385
52.967,0.46599,0.15512
53,0.43288,0.15894
53.033,0.42779,0.13857
53.067,0.41888,0.15385
53.1,0.4036,0.15512
53.133,0.41379,0.15258
53.167,0.40997,0.1513
53.2,0.39851,0.16149
53.233,0.39596,0.15258
53.267,0.3896,0.1564
53.3,0.37177,0.16149
53.333,0.36923,0.15894
53.367,0.36159,0.14621
53.4,0.35649,0.15512
53.433,0.35013,0.15258
53.467,0.33867,0.14239
53.5,0.34249,0.14876
53.533,0.32848,0.14621
53.567,0.3374,0.13984
53.6,0.32976,0.15258
53.633,0.32721,0.14876
53.667,0.32976,0.15512
53.7,0.32848,0.1564
53.733,0.32976,0.15003
53.767,0.31957,0.14876
53.8,0.32466,0.15512
53.833,0.32721,0.14239
53.867,0.32212,0.1373
53.9,0.30684,0.14621
53.933,0.30429,0.1513
53.967,0.2992,0.14494
54,0.29665,0.14239
54.033,0.30175,0.13348
54.067,0.29029,0.12966
54.1,0.29156,0.14112
54.133,0.28392,0.14239
54.167,0.29538,0.13475
54.2,0.29156,0.13602
54.233,0.29283,0.1373
54.267,0.28138,0.13348
54.3,0.28392,0.14112
54.333,0.28392,0.16149
54.367,0.27628,0.1564
54.4,0.28138,0.15385
54.433,0.28265,0.1513
54.467,0.27756,0.15003
54.5,0.27756,0.13602
54.533,0.29029,0.14748
54.567,0.28265,0.15512
54.6,0.28138,0.15003
54.633,0.28138,0.15767
54.667,0.27628,0.14239
54.7,0.30175,0.14366
54.733,0.30429,0.14621
54.767,0.28647,0.14366
54.8,0.2801,0.1373
54.833,0.29665,0.14494
54.867,0.28774,0.14112
54.9,0.29538,0.14621
54.933,0.29283,0.14748
54.967,0.29538,0.14494
55,0.28647,0.15258
55.033,0.28647,0.14494
55.067,0.29411,0.15003
55.1,0.29411,0.15767
55.133,0.2852,0.14621
55.167,0.27756,0.14748
55.2,0.27883,0.14366
55.233,0.27374,0.14494
55.267,0.26483,0.14366
55.3,0.26355,0.14621
55.333,0.25973,0.16022
55.367,0.2661,0.14239
55.4,0.26864,0.14366
55.433,0.28392,0.15258
55.467,0.27501,0.1513
55.5,0.2852,0.14621
55.533,0.28265,0.12966
55.567,0.28392,0.14366
55.6,0.28392,0.15767
55.633,0.27628,0.15894
55.667,0.27119,0.14876
55.7,0.27756,0.1564
55.733,0.2801,0.15767
55.767,0.27628,0.15385
55.8,0.27756,0.1564
55.833,0.27374,0.15003
55.867,0.27883,0.14621
55.9,0.27628,0.14112
55.933,0.29665,0.14112
55.967,0.28265,0.14494
56,0.27883,0.15003
56.033,0.27501,0.15258
56.067,0.27374,0.1513
56.1,0.27119,0.14621
56.133,0.26355,0.14621
56.167,0.26737,0.14876
56.2,0.26483,0.1513
56.233,0.27119,0.14748
56.267,0.26101,0.14876
56.3,0.26483,0.14748
56.333,0.25337,0.15385
56.367,0.25719,0.1564
56.4,0.25846,0.14876
56.433,0.25846,0.16022
56.467,0.25464,0.15385
56.5,0.26228,0.16149
56.533,0.28392,0.16149
56.567,0.28392,0.1322
56.6,0.27374,0.15258
56.633,0.2661,0.14876
56.667,0.27374,0.14494
56.7,0.26737,0.13857
56.733,0.26737,0.1513
56.767,0.26228,0.15385
56.8,0.26483,0.14748
56.833,0.26864,0.1564
56.867,0.26864,0.1513
56.9,0.27374,0.14876
56.933,0.26355,0.1513
56.967,0.27246,0.14748
57,0.27246,0.14748
57.033,0.27374,0.1513
57.067,0.26101,0.14494
57.1,0.2661,0.15003
57.133,0.26483,0.14621
57.167,0.26737,0.14239
57.2,0.26355,0.14876
57.233,0.25973,0.1513
57.267,0.27628,0.15258
57.3,0.26864,0.1513
57.333,0.28392,0.14621
57.367,0.26737,0.1564
57.4,0.28647,0.14876
57.433,0.27628,0.15385
57.467,0.2801,0.1564
57.5,0.27501,0.14876
57.533,0.27628,0.15512
57.567,0.2801,0.14748
57.6,0.27628,0.11692
57.633,0.27119,0.14239
57.667,0.2661,0.14494
57.7,0.26992,0.14112
57.733,0.25973,0.1564
57.767,0.26864,0.14876
57.8,0.25464,0.15258
57.833,0.27119,0.14748
57.867,0.25973,0.15512
57.9,0.27374,0.14621
57.933,0.27374,0.14494
57.967,0.27119,0.14112
58,0.26737,0.13984
58.033,0.26992,0.1373
58.067,0.2801,0.13348
58.1,0.26864,0.13348
58.133,0.2801,0.14112
58.167,0.27246,0.14494
58.2,0.27119,0.14112
58.233,0.27119,0.15003
58.267,0.25973,0.14621
58.3,0.26101,0.14366
58.333,0.26228,0.14876
58.367,0.26864,0.15258
58.4,0.25719,0.1513
58.433,0.27246,0.1513
58.467,0.27246,0.14621
58.5,0.26992,0.15003
58.533,0.26737,0.15003
58.567,0.27374,0.1513
58.6,0.26355,0.15894
58.633,0.25591,0.14112
58.667,0.26101,0.16531
58.7,0.25846,0.15512
58.733,0.25719,0.15767
58.767,0.25973,0.16404
58.8,0.26101,0.16276
58.833,0.26101,0.1564
58.867,0.27246,0.17422
58.9,0.2661,0.17422
58.933,0.26228,0.17677
58.967,0.25846,0.19205
59,0.27756,0.18186
59.033,0.28138,0.19842
59.067,0.27756,0.1946
59.1,0.27628,0.18696
59.133,0.27246,0.21879
59.167,0.28902,0.21625
59.2,0.27883,0.21497
59.233,0.27246,0.27609
59.267,0.27246,0.26591
59.3,0.28647,0.26591
59.333,0.27756,0.30538
59.367,0.27883,0.30665
59.4,0.26737,0.33467
59.433,0.2661,0.38815
59.467,0.27628,0.38433
59.5,0.27374,0.43272
59.533,0.26737,0.47219
59.567,0.2661,0.46837
59.6,0.28138,0.55114
59.633,0.27628,0.56642
59.667,0.26992,0.55114
59.7,0.26864,0.6632
59.733,0.26355,0.65938
59.767,0.26228,0.67975
59.8,0.25591,0.80327
59.833,0.26101,0.80199
59.867,0.26101,0.87458
59.9,0.26992,0.94206
59.933,0.2661,0.93442
59.967,0.27628,1.0185
60,0.26228,1.0809
60.033,0.25337,1.0528
60.067,0.26864,1.1942
60.1,0.26483,1.1904
60.133,0.2661,1.1929
60.167,0.26355,1.3075
60.2,0.27628,1.3062
60.233,0.27119,1.3394
60.267,0.27628,1.4068
60.3,0.26864,1.4145
60.333,0.27246,1.4603
60.367,0.26864,1.5164
60.4,0.27756,1.5164
60.433,0.27374,1.5953
60.467,0.27246,1.6017
60.5,0.26483,1.6042
60.533,0.26355,1.6373
60.567,0.26228,1.6386
60.6,0.26228,1.6335
60.633,0.26355,1.673
60.667,0.25973,1.673
60.7,0.27246,1.6539
60.733,0.27246,1.6743
60.767,0.27883,1.673
60.8,0.28138,1.6666
60.833,0.27883,1.6679
60.867,0.27374,1.6743
60.9,0.26228,1.6539
60.933,0.27374,1.6666
60.967,0.27883,1.6615
61,0.27119,1.6093
61.033,0.26864,1.6029
61.067,0.2801,1.6029
61.1,0.28647,1.5711
61.133,0.2801,1.5647
61.167,0.27374,1.5533
61.2,0.26355,1.5087
61.233,0.27246,1.4896
61.267,0.26864,1.4591
61.3,0.26864,1.4361
61.333,0.2661,1.4298
61.367,0.27246,1.3521
61.4,0.26483,1.347
61.433,0.26737,1.3394
61.467,0.28138,1.268
61.5,0.26864,1.268
61.533,0.26864,1.2515
61.567,0.25464,1.1955
61.6,0.25973,1.1904
61.633,0.25591,1.1483
61.667,0.2661,1.1038
61.7,0.26737,1.1038
61.733,0.26101,1.0197
61.767,0.25337,1.0019
61.8,0.25973,0.99682
61.833,0.25591,0.91023
61.867,0.25209,0.91532
61.9,0.26737,0.89877
61.933,0.25846,0.83765
61.967,0.26992,0.84274
62,0.26992,0.83128
62.033,0.26483,0.77143
62.067,0.26864,0.77653
62.1,0.26101,0.74597
62.133,0.26228,0.71286
62.167,0.26101,0.71159
62.2,0.26355,0.67084
62.233,0.25082,0.65046
62.267,0.25973,0.64919
62.3,0.26101,0.59953
62.333,0.26355,0.59698
62.367,0.25719,0.60462
62.4,0.26992,0.56005
62.433,0.25973,0.55369
62.467,0.26483,0.53204
62.5,0.27756,0.50403
62.533,0.26355,0.49893
62.567,0.26864,0.48238
62.6,0.25973,0.46837
62.633,0.25209,0.46583
62.667,0.25591,0.43526
62.7,0.25464,0.43781
62.733,0.26355,0.43272
62.767,0.25846,0.3907
62.8,0.25591,0.39452
62.833,0.24955,0.36778
62.867,0.26864,0.35632
62.9,0.2661,0.35759
62.933,0.27246,0.35504
62.967,0.26864,0.35122
63,0.27628,0.35377
63.033,0.26864,0.33085
63.067,0.2661,0.32703
63.1,0.2661,0.32703
63.133,0.26228,0.3092
63.167,0.26992,0.30538
63.2,0.26483,0.30793
63.233,0.26483,0.28755
63.267,0.26355,0.2901
63.3,0.2661,0.29647
63.333,0.25719,0.27227
63.367,0.26101,0.271
63.4,0.26737,0.25954
63.433,0.26228,0.24808
63.467,0.25973,0.24808
63.5,0.26101,0.23662
63.533,0.25337,0.23917
63.567,0.25719,0.24044
63.6,0.25591,0.23917
63.633,0.25082,0.2328
63.667,0.26355,0.23153
63.7,0.26228,0.23025
63.733,0.25973,0.23153
63.767,0.25719,0.22389
63.8,0.25082,0.22134
63.833,0.25209,0.21497
63.867,0.24827,0.21243
63.9,0.24955,0.22261
63.933,0.24318,0.21879
63.967,0.26864,0.19842
64,0.26228,0.21115
64.033,0.26737,0.20733
64.067,0.27246,0.20606
64.1,0.2661,0.20479
64.133,0.26737,0.20733
64.167,0.25337,0.19587
64.2,0.26228,0.19969
64.233,0.26228,0.18441
64.267,0.26355,0.19715
64.3,0.2661,0.18823
64.333,0.26228,0.19078
64.367,0.25209,0.19842
64.4,0.25209,0.20224
64.433,0.25719,0.19332
64.467,0.24445,0.19332
64.5,0.25846,0.19078
64.533,0.25337,0.19078
64.567,0.27374,0.1755
64.6,0.26737,0.18696
64.633,0.27756,0.18696
64.667,0.27119,0.18186
64.7,0.27246,0.17677
64.733,0.25846,0.18568
64.767,0.25719,0.1755
64.8,0.27246,0.17804
64.833,0.27246,0.18059
64.867,0.26992,0.17677
64.9,0.26228,0.19078
64.933,0.27883,0.18696
64.967,0.27119,0.17932
65,0.27628,0.16913
65.033,0.2801,0.1755
65.067,0.27374,0.17295
65.1,0.27756,0.1895
65.133,0.27119,0.18441
65.167,0.26864,0.17804
65.2,0.26355,0.18314
65.233,0.25719,0.18441
65.267,0.25209,0.1755
65.3,0.25846,0.1704
65.333,0.25209,0.17677
65.367,0.24827,0.17168
65.4,0.25209,0.17168
65.433,0.26228,0.1704
65.467,0.26737,0.16149
65.5,0.26228,0.16658
65.533,0.2661,0.17677
65.567,0.25846,0.16786
65.6,0.25973,0.14621
65.633,0.25973,0.16658
65.667,0.27628,0.16149
65.7,0.27374,0.16786
65.733,0.27756,0.16149
65.767,0.27119,0.15767
65.8,0.27374,0.15385
65.833,0.27883,0.17168
65.867,0.27374,0.16404
65.9,0.27374,0.16786
65.933,0.27374,0.17804
65.967,0.25591,0.16658
66,0.24827,0.16786
66.033,0.2661,0.15512
66.067,0.26483,0.16149
66.1,0.27374,0.17422
66.133,0.27628,0.16913
66.167,0.26864,0.16404
66.2,0.27756,0.16149
66.233,0.26355,0.16404
66.267,0.27628,0.15894
66.3,0.27501,0.16786
66.333,0.27501,0.16658
66.367,0.26737,0.15385
66.4,0.26864,0.15512
66.433,0.25973,0.15894
66.467,0.24955,0.15767
66.5,0.26483,0.16531
66.533,0.25719,0.17168
66.567,0.26101,0.16404
66.6,0.25719,0.16531
66.633,0.27246,0.16149
66.667,0.26355,0.15767
66.7,0.25846,0.15385
66.733,0.25719,0.16022
66.767,0.26228,0.1513
66.8,0.26483,0.15385
66.833,0.26101,0.14748
66.867,0.27246,0.15767
66.9,0.27501,0.14621
66.933,0.27374,0.16404
66.967,0.26737,0.15512
67,0.26101,0.15003
67.033,0.25591,0.16531
67.067,0.25846,0.13857
67.1,0.24955,0.1564
67.133,0.25973,0.15385
67.167,0.2661,0.14876
67.2,0.26483,0.14494
67.233,0.24827,0.16531
67.267,0.24827,0.16022
67.3,0.25464,0.15385
67.333,0.25591,0.16022
67.367,0.25846,0.15767
67.4,0.25337,0.1564
67.433,0.26355,0.15894
67.467,0.25082,0.15767
67.5,0.25719,0.15003
67.533,0.25719,0.16022
67.567,0.25591,0.15512
67.6,0.25719,0.15385
67.633,0.25337,0.16276
67.667,0.27756,0.1564
67.7,0.27883,0.15003
67.733,0.27628,0.15512
67.767,0.27119,0.14366
67.8,0.27756,0.15512
67.833,0.27628,0.15512
67.867,0.27119,0.16276
67.9,0.27756,0.16276
67.933,0.27628,0.1564
67.967,0.28265,0.15385
68,0.26992,0.15385
68.033,0.27374,0.15385
68.067,0.26737,0.16531
68.1,0.28392,0.14494
68.133,0.28392,0.16149
68.167,0.27628,0.15894
68.2,0.26737,0.1564
68.233,0.27119,0.1513
68.267,0.2801,0.16276
68.3,0.26864,0.15003
68.333,0.27246,0.15258
68.367,0.26864,0.15767
68.4,0.27883,0.15767
68.433,0.27119,0.1513
68.467,0.25846,0.15258
68.5,0.26228,0.1513
68.533,0.25591,0.15767
68.567,0.25846,0.16149
68.6,0.25846,0.15003
68.633,0.26228,0.15512
68.667,0.25591,0.16022
68.7,0.26864,0.15003
68.733,0.26992,0.15258
68.767,0.27501,0.1564
68.8,0.26992,0.14621
68.833,0.26228,0.15003
68.867,0.27246,0.14621
68.9,0.26101,0.15258
68.933,0.26864,0.15258
68.967,0.25846,0.15003
69,0.2661,0.14748
69.033,0.26101,0.15003
69.067,0.27374,0.14876
69.1,0.26228,0.15003
69.133,0.26101,0.13984
69.167,0.2661,0.15258
69.2,0.26228,0.1513
69.233,0.26101,0.1513
69.267,0.25719,0.1564
69.3,0.25464,0.15767
69.333,0.25209,0.15512
69.367,0.25464,0.16276
69.4,0.24573,0.1513
69.433,0.25846,0.1513
69.467,0.25337,0.15385
69.5,0.25082,0.14494
69.533,0.25973,0.14494
69.567,0.247,0.15003
69.6,0.25337,0.1513
69.633,0.25082,0.14748
69.667,0.2661,0.15512
69.7,0.25591,0.1513
69.733,0.2661,0.14748
69.767,0.26101,0.15512
69.8,0.26864,0.14876
69.833,0.25337,0.1513
69.867,0.25591,0.1513
69.9,0.26101,0.13602
69.933,0.26101,0.16276
69.967,0.26101,0.14748
70,0.25209,0.14239
70.033,0.26355,0.1513
70.067,0.25337,0.15258
70.1,0.25464,0.14366
70.133,0.24955,0.14112
70.167,0.25846,0.13348
70.2,0.26483,0.14621
70.233,0.26228,0.15385
70.267,0.27756,0.15385
70.3,0.2661,0.15003
70.333,0.28138,0.14621
70.367,0.27246,0.15003
70.4,0.29283,0.15512
70.433,0.28647,0.14876
70.467,0.2852,0.1564
70.5,0.28138,0.15003
70.533,0.27119,0.14748
70.567,0.26864,0.1513
70.6,0.26101,0.14748
70.633,0.25973,0.14748
70.667,0.25846,0.16149
70.7,0.26737,0.15512
70.733,0.26355,0.15385
70.767,0.2661,0.14366
70.8,0.25591,0.16149
70.833,0.2661,0.16149
70.867,0.26483,0.16276
70.9,0.26355,0.16022
70.933,0.26992,0.14621
70.967,0.2661,0.1564
71,0.27883,0.15767
71.033,0.27374,0.15003
71.067,0.2801,0.15258
71.1,0.27119,0.14748
71.133,0.28392,0.1564
71.167,0.28138,0.14621
71.2,0.28392,0.1373
71.233,0.29029,0.15894
71.267,0.29538,0.15894
71.3,0.28902,0.14748
71.333,0.28138,0.14876
71.367,0.27374,0.15258
71.4,0.27501,0.15512
71.433,0.27374,0.16022
71.467,0.26355,0.16022
71.5,0.27246,0.15512
71.533,0.27883,0.15385
71.567,0.27374,0.15385
71.6,0.26483,0.14748
71.633,0.25846,0.1513
71.667,0.27628,0.14494
71.7,0.26992,0.14112
71.733,0.26228,0.14112
71.767,0.26355,0.14366
71.8,0.2661,0.12456
71.833,0.25591,0.14876
71.867,0.25591,0.1513
71.9,0.26101,0.14239
71.933,0.25464,0.14112
71.967,0.26483,0.14748
72,0.26355,0.14621
72.033,0.27501,0.14748
72.067,0.27501,0.15258
72.1,0.27501,0.1513
72.133,0.26737,0.14621
72.167,0.28138,0.15385
72.2,0.27883,0.15003
72.233,0.27374,0.13857
72.267,0.26737,0.15258
72.3,0.27119,0.15003
72.333,0.27246,0.14748
72.367,0.26864,0.1513
72.4,0.26864,0.1513
72.433,0.26737,0.14494
72.467,0.28647,0.15385
72.5,0.28774,0.1513
72.533,0.27628,0.14876
72.567,0.27756,0.14621
72.6,0.27246,0.15258
72.633,0.27246,0.14494
72.667,0.26864,0.15003
72.7,0.27501,0.14621
72.733,0.26992,0.14366
72.767,0.27374,0.15003
72.8,0.27119,0.14366
72.833,0.27501,0.12966
72.867,0.26864,0.14748
72.9,0.26355,0.14494
72.933,0.26101,0.13093
72.967,0.25846,0.14366
73,0.25464,0.15258
73.033,0.24955,0.14748
73.067,0.2661,0.13602
73.1,0.26101,0.15385
73.133,0.25719,0.15258
73.167,0.25209,0.15003
73.2,0.26355,0.15512
73.233,0.26737,0.14494
73.267,0.26101,0.14112
73.3,0.26228,0.14621
73.333,0.25973,0.14621
73.367,0.27119,0.14621
73.4,0.25973,0.14748
73.433,0.26355,0.1373
73.467,0.26228,0.14876
73.5,0.2661,0.14748
73.533,0.26228,0.13475
73.567,0.26355,0.15512
73.6,0.26737,0.14494
73.633,0.26355,0.16531
73.667,0.26992,0.15258
73.7,0.28138,0.13984
73.733,0.27246,0.14366
73.767,0.25082,0.1513
73.8,0.28265,0.15385
73.833,0.27374,0.15258
73.867,0.2852,0.14366
73.9,0.27374,0.14876
73.933,0.27119,0.15512
73.967,0.26483,0.15767
74,0.2661,0.16022
74.033,0.25719,0.15258
74.067,0.25719,0.15003
74.1,0.25719,0.15003
74.133,0.24955,0.14621
74.167,0.26992,0.15258
74.2,0.26737,0.15385
74.233,0.25464,0.14748
74.267,0.25337,0.15003
74.3,0.25209,0.14876
74.333,0.24827,0.14366
74.367,0.24318,0.15003
74.4,0.24573,0.15385
74.433,0.23682,0.15003
74.467,0.26864,0.14366
74.5,0.26483,0.14112
74.533,0.27501,0.14112
74.567,0.26864,0.14876
74.6,0.2661,0.16149
74.633,0.26101,0.1564
74.667,0.27756,0.15385
74.7,0.27628,0.1513
74.733,0.27628,0.14748
74.767,0.27756,0.1513
74.8,0.27628,0.15003
74.833,0.27628,0.14366
74.867,0.26864,0.14494
74.9,0.27756,0.14112
74.933,0.26483,0.14748
74.967,0.28392,0.14494
75,0.28392,0.14494
75.033,0.27246,0.14621
75.067,0.27119,0.14239
75.1,0.25719,0.14494
75.133,0.27374,0.15258
75.167,0.26737,0.14621
75.2,0.27119,0.13857
75.233,0.26101,0.1564
75.267,0.26355,0.15258
75.3,0.2661,0.15258
75.333,0.25846,0.15258
75.367,0.25719,0.14748
75.4,0.26101,0.1564
75.433,0.26228,0.14621
75.467,0.25337,0.14621
75.5,0.25973,0.17168
75.533,0.25209,0.15258
75.567,0.27374,0.14621
75.6,0.27246,0.1564
75.633,0.2801,0.15512
75.667,0.2661,0.14748
75.7,0.27374,0.15385
75.733,0.27246,0.1513
75.767,0.26228,0.14366
75.8,0.26228,0.15385
75.833,0.25973,0.1513
75.867,0.25591,0.1513
75.9,0.25719,0.16276
75.933,0.27374,0.15003
75.967,0.2661,0.15385
76,0.27374,0.16276
76.033,0.26737,0.15512
76.067,0.27883,0.15258
76.1,0.27246,0.15258
76.133,0.26737,0.15003
76.167,0.26864,0.13984
76.2,0.26737,0.14621
76.233,0.26737,0.13857
76.267,0.26483,0.1373
76.3,0.27246,0.14112
76.333,0.26483,0.14621
76.367,0.26228,0.14748
76.4,0.26864,0.14876
76.433,0.26483,0.14876
76.467,0.25973,0.14748
76.5,0.26101,0.14748
76.533,0.26483,0.11183
76.567,0.25209,0.14112
76.6,0.26228,0.14366
76.633,0.26355,0.15003
76.667,0.247,0.14621
76.7,0.24955,0.14366
76.733,0.26483,0.14876
76.767,0.26101,0.14494
76.8,0.27246,0.14621
76.833,0.26992,0.14621
76.867,0.25591,0.1373
76.9,0.26355,0.13984
76.933,0.26101,0.15512
76.967,0.25337,0.13475
77,0.24445,0.13984
77.033,0.26101,0.14366
77.067,0.25464,0.13475
77.1,0.26992,0.15512
77.133,0.27119,0.15512
77.167,0.27756,0.13857
77.2,0.27374,0.14239
77.233,0.26864,0.14112
77.267,0.27119,0.1322
77.3,0.26737,0.13984
77.333,0.2801,0.13093
77.367,0.27119,0.14494
77.4,0.27628,0.14621
77.433,0.26228,0.14876
77.467,0.27628,0.1513
77.5,0.27374,0.15385
77.533,0.28138,0.15385
77.567,0.27119,0.12711
77.6,0.27756,0.14494
77.633,0.28138,0.14621
77.667,0.27374,0.14494
77.7,0.2801,0.1564
77.733,0.27628,0.15003
77.767,0.27246,0.14621
77.8,0.26864,0.15003
77.833,0.27119,0.16022
77.867,0.27374,0.15258
77.9,0.27374,0.15894
77.933,0.28138,0.16022
77.967,0.2661,0.15894
78,0.26864,0.14876
78.033,0.26864,0.14876
78.067,0.27374,0.14876
78.1,0.2661,0.14876
78.133,0.27374,0.16022
78.167,0.27119,0.14876
78.2,0.27628,0.14621
78.233,0.26355,0.15512
78.267,0.26355,0.14494
78.3,0.26228,0.14494
78.333,0.26355,0.14494
78.367,0.27883,0.14876
78.4,0.27628,0.15512
78.433,0.27374,0.15258
78.467,0.26864,0.14621
78.5,0.27119,0.15258
78.533,0.26992,0.1513
78.567,0.25719,0.15003
78.6,0.25082,0.13602
78.633,0.26864,0.14494
78.667,0.26228,0.15258
78.7,0.25846,0.14621
78.733,0.26737,0.15003
78.767,0.25973,0.1513
78.8,0.28138,0.15003
78.833,0.2661,0.15385
78.867,0.26228,0.14621
78.9,0.25973,0.14876
78.933,0.25337,0.1513
78.967,0.24827,0.13602
79,0.24063,0.14239
79.033,0.25082,0.14366
79.067,0.24827,0.14239
79.1,0.25337,0.14621
79.133,0.24827,0.1513
79.167,0.25464,0.15003
79.2,0.25591,0.12456
79.233,0.27246,0.14621
79.267,0.26483,0.14876
79.3,0.2661,0.14876
79.333,0.26864,0.1513
79.367,0.27501,0.14876
79.4,0.2801,0.14494
79.433,0.27501,0.15894
79.467,0.28392,0.15385
79.5,0.27246,0.15512
79.533,0.27374,0.1564
79.567,0.27628,0.14876
79.6,0.27883,0.16149
79.633,0.27501,0.15512
79.667,0.27246,0.16022
79.7,0.26864,0.1513
79.733,0.26737,0.16022
79.767,0.27374,0.14621
79.8,0.26228,0.14876
79.833,0.26992,0.1564
79.867,0.2661,0.1564
79.9,0.26864,0.14239
79.933,0.26355,0.15258
79.967,0.28647,0.1513
80,0.27374,0.14748
80.033,0.2852,0.1513
80.067,0.2852,0.1513
80.1,0.26864,0.14112
80.133,0.2801,0.13602
80.167,0.27628,0.14876
80.2,0.27374,0.13857
80.233,0.26864,0.13984
80.267,0.27119,0.15258
80.3,0.25719,0.15003
80.333,0.26992,0.14239
80.367,0.25719,0.14621
80.4,0.25337,0.13602
80.433,0.25337,0.14112
80.467,0.25209,0.14621
80.5,0.25719,0.13857
80.533,0.25591,0.14494
80.567,0.2661,0.15003
80.6,0.25846,0.13984
80.633,0.2661,0.14621
80.667,0.25973,0.14621
80.7,0.26355,0.14876
80.733,0.25846,0.14366
80.767,0.26737,0.14366
80.8,0.26355,0.13093
80.833,0.25591,0.14112
80.867,0.25973,0.13475
80.9,0.25591,0.14239
80.933,0.25846,0.14748
80.967,0.25591,0.15512
81,0.2661,0.14621
81.033,0.25973,0.14876
81.067,0.28392,0.1513
81.1,0.2801,0.15385
81.133,0.26992,0.15512
81.167,0.26483,0.16658
81.2,0.26737,0.15385
81.233,0.27246,0.15003
81.267,0.26864,0.14748
81.3,0.26483,0.15385
81.333,0.2661,0.15385
81.367,0.26737,0.14494
81.4,0.25209,0.14748
81.433,0.26483,0.14748
81.467,0.26228,0.14748
81.5,0.26483,0.14112
81.533,0.27501,0.1373
81.567,0.27119,0.14366
81.6,0.28265,0.13984
81.633,0.2801,0.14621
81.667,0.26737,0.1513
81.7,0.25464,0.13984
81.733,0.26737,0.13984
81.767,0.25591,0.14494
81.8,0.27756,0.14366
81.833,0.27501,0.14494
81.867,0.27756,0.1182
81.9,0.2661,0.13475
81.933,0.26101,0.14621
81.967,0.27883,0.14621
82,0.27246,0.1513
82.033,0.27883,0.1564
82.067,0.26992,0.15767
82.1,0.28392,0.14621
82.133,0.27756,0.1513
82.167,0.27501,0.1564
82.2,0.27501,0.15003
82.233,0.27374,0.1513
82.267,0.27756,0.15003
82.3,0.26355,0.15894
82.333,0.26737,0.15767
82.367,0.25846,0.15512
82.4,0.26355,0.15385
82.433,0.25846,0.1564
82.467,0.27246,0.16658
82.5,0.28647,0.15003
82.533,0.27756,0.1513
82.567,0.26864,0.14494
82.6,0.26228,0.14876
82.633,0.27501,0.14366
82.667,0.27119,0.14748
82.7,0.27628,0.14112
82.733,0.26864,0.13348
82.767,0.26737,0.14621
82.8,0.26101,0.14748
82.833,0.25846,0.15003
82.867,0.25464,0.14239
82.9,0.26228,0.12584
82.933,0.25973,0.15003
82.967,0.26483,0.15003
83,0.27246,0.1513
83.033,0.26355,0.14748
83.067,0.26992,0.15385
83.1,0.27501,0.14876
83.133,0.26737,0.15512
83.167,0.26355,0.15894
83.2,0.25719,0.14748
83.233,0.25209,0.14876
83.267,0.26355,0.1564
83.3,0.2661,0.1513
83.333,0.25591,0.1564
83.367,0.28138,0.16404
83.4,0.27628,0.14876
83.433,0.28265,0.14876
83.467,0.27883,0.15258
83.5,0.30175,0.15003
83.533,0.29411,0.13984
83.567,0.29283,0.13984
83.6,0.28138,0.14748
83.633,0.2852,0.14366
83.667,0.27883,0.13602
83.7,0.27119,0.14876
83.733,0.26864,0.14366
83.767,0.26864,0.14621
83.8,0.27119,0.15258
83.833,0.26992,0.14494
83.867,0.27883,0.1564
83.9,0.27628,0.15767
83.933,0.27119,0.13857
83.967,0.27119,0.15512
84,0.26228,0.16149
84.033,0.25209,0.1513
84.067,0.25591,0.1564
84.1,0.25209,0.1513
84.133,0.25337,0.1373
84.167,0.25846,0.14876
84.2,0.26101,0.13602
84.233,0.25973,0.13857
84.267,0.25337,0.14621
84.3,0.27756,0.14621
84.333,0.27374,0.14621
84.367,0.26737,0.14621
84.4,0.25973,0.14494
84.433,0.25719,0.15894
84.467,0.26992,0.1564
84.5,0.2661,0.16022
84.533,0.26483,0.13093
84.567,0.26355,0.15767
84.6,0.27119,0.15003
84.633,0.25846,0.15258
84.667,0.27883,0.14748
84.7,0.27501,0.14621
84.733,0.27119,0.14239
84.767,0.26737,0.14366
84.8,0.27246,0.14239
84.833,0.26483,0.14494
84.867,0.26483,0.14494
84.9,0.26737,0.15512
84.933,0.25464,0.15258
84.967,0.2661,0.14366
85,0.25846,0.15512
85.033,0.26228,0.16022
85.067,0.24955,0.1564
85.1,0.26737,0.15894
85.133,0.26101,0.14748
85.167,0.27883,0.15894
85.2,0.27501,0.15767
85.233,0.26228,0.1513
85.267,0.26101,0.15385
85.3,0.25719,0.15003
85.333,0.26864,0.14621
85.367,0.26737,0.14876
85.4,0.24827,0.14876
85.433,0.24827,0.13475
85.467,0.25719,0.15385
85.5,0.25337,0.15512
85.533,0.26228,0.15003
85.567,0.25209,0.14748
85.6,0.26228,0.16022
85.633,0.26101,0.15385
85.667,0.26737,0.14748
85.7,0.26864,0.1513
85.733,0.25973,0.1513
85.767,0.26864,0.15767
85.8,0.26355,0.15258
85.833,0.26864,0.1513
85.867,0.26864,0.14494
85.9,0.2801,0.14876
85.933,0.2801,0.15003
85.967,0.27756,0.14621
86,0.27883,0.14621
86.033,0.27374,0.14621
86.067,0.27628,0.14366
86.1,0.26737,0.1513
86.133,0.2852,0.15512
86.167,0.27246,0.13093
86.2,0.26483,0.15512
86.233,0.2661,0.14494
86.267,0.27119,0.14494
86.3,0.2661,0.1564
86.333,0.26483,0.15258
86.367,0.27501,0.15258
86.4,0.27501,0.15385
86.433,0.27883,0.1513
86.467,0.27374,0.15512
86.5,0.2661,0.16022
86.533,0.26101,0.14876
86.567,0.26483,0.15003
86.6,0.25719,0.1564
86.633,0.26228,0.15385
86.667,0.26228,0.15003
86.7,0.26737,0.15003
86.733,0.26101,0.15385
86.767,0.25591,0.15258
86.8,0.247,0.1564
86.833,0.23809,0.15894
86.867,0.26737,0.1564
86.9,0.25846,0.15003
86.933,0.25337,0.15767
86.967,0.25337,0.14366
87,0.25209,0.1513
87.033,0.26355,0.14239
87.067,0.25082,0.14366
87.1,0.25337,0.14621
87.133,0.25209,0.14621
87.167,0.26355,0.14112
87.2,0.26101,0.11565
87.233,0.26864,0.14112
87.267,0.26355,0.13984
87.3,0.26101,0.14494
87.333,0.26864,0.13984
87.367,0.26101,0.13475
87.4,0.26101,0.14112
87.433,0.26355,0.13602
87.467,0.28138,0.1373
87.5,0.28774,0.14876
87.533,0.28265,0.1513
87.567,0.2661,0.13602
87.6,0.26864,0.14239
87.633,0.26355,0.13602
87.667,0.27246,0.12711
87.7,0.2801,0.13857
87.733,0.27628,0.13857
87.767,0.27374,0.13348
87.8,0.26737,0.14366
87.833,0.2801,0.13984
87.867,0.27756,0.13348
87.9,0.26101,0.14112
87.933,0.25973,0.14621
87.967,0.2661,0.14748
88,0.26864,0.14239
88.033,0.27374,0.14366
88.067,0.2661,0.14621
88.1,0.2661,0.1373
88.133,0.25973,0.14621
88.167,0.25719,0.14876
88.2,0.26737,0.14366
88.233,0.2661,0.14621
88.267,0.27501,0.14112
88.3,0.26992,0.1564
88.333,0.27501,0.1564
88.367,0.26737,0.14621
88.4,0.26228,0.1513
88.433,0.28138,0.14494
88.467,0.27374,0.14366
88.5,0.26737,0.14494
88.533,0.26737,0.15258
88.567,0.27246,0.14876
88.6,0.2661,0.15385
88.633,0.26355,0.16022
88.667,0.25591,0.14748
88.7,0.25846,0.14366
88.733,0.26355,0.14494
88.767,0.25337,0.13602
88.8,0.26737,0.14112
88.833,0.25973,0.1322
88.867,0.26864,0.13602
88.9,0.26355,0.14366
88.933,0.27374,0.14621
88.967,0.26483,0.14621
89,0.26355,0.14621
89.033,0.26355,0.14876
89.067,0.24827,0.14494
89.1,0.27374,0.14748
89.133,0.26355,0.15385
89.167,0.27883,0.15512
89.2,0.2801,0.14748
89.233,0.2801,0.14239
89.267,0.27246,0.13602
89.3,0.27883,0.15003
89.333,0.2661,0.14112
89.367,0.26483,0.14494
89.4,0.26483,0.14494
89.433,0.2661,0.14621
89.467,0.26737,0.15512
89.5,0.26101,0.14748
89.533,0.26483,0.16149
89.567,0.25973,0.14621
89.6,0.26864,0.14876
89.633,0.26355,0.1564
89.667,0.26992,0.16022
89.7,0.26737,0.16022
89.733,0.26483,0.15385
89.767,0.25082,0.15512
89.8,0.25591,0.14621
89.833,0.25719,0.15894
89.867,0.24827,0.14112
89.9,0.2661,0.14494
89.933,0.26101,0.14876
89.967,0.25846,0.14621
90,0.2661,0.14876
90.033,0.27246,0.1513
90.067,0.26355,0.15003
90.1,0.26101,0.15258
90.133,0.25846,0.15512
90.167,0.25337,0.1513
90.2,0.26228,0.15385
90.233,0.25591,0.15894
90.267,0.26864,0.15512
90.3,0.26864,0.15003
90.333,0.27119,0.14876
90.367,0.26737,0.15512
90.4,0.25846,0.16022
90.433,0.27501,0.16022
90.467,0.27374,0.13475
90.5,0.26992,0.15003
90.533,0.27246,0.1513
90.567,0.27628,0.15003
90.6,0.26737,0.14621
90.633,0.27628,0.14366
90.667,0.27628,0.14876
90.7,0.26737,0.14621
90.733,0.27628,0.14876
90.767,0.27628,0.14621
90.8,0.27883,0.14112
90.833,0.27246,0.14748
90.867,0.27119,0.1513
90.9,0.2661,0.14112
90.933,0.25209,0.15003
90.967,0.24955,0.15003
91,0.24318,0.14748
91.033,0.24827,0.15767
91.067,0.24573,0.12584
91.1,0.25209,0.14748
91.133,0.26355,0.15258
91.167,0.26737,0.1513
91.2,0.25973,0.14876
91.233,0.26228,0.15512
91.267,0.25591,0.15894
91.3,0.24955,0.14239
91.333,0.26864,0.15003
91.367,0.26228,0.14748
91.4,0.26737,0.1373
91.433,0.25973,0.14366
91.467,0.26101,0.14366
91.5,0.26228,0.13348
91.533,0.26101,0.14621
91.567,0.26737,0.14112
91.6,0.26355,0.14112
91.633,0.26228,0.15003
91.667,0.25719,0.15385
91.7,0.26737,0.1564
91.733,0.2661,0.15258
91.767,0.26864,0.15385
91.8,0.25719,0.14748
91.833,0.26228,0.15385
91.867,0.26355,0.1513
91.9,0.26228,0.15385
91.933,0.25719,0.15512
91.967,0.26101,0.15003
92,0.25591,0.14494
92.033,0.25973,0.13984
92.067,0.25846,0.1564
92.1,0.24955,0.14239
92.133,0.25082,0.1564
92.167,0.247,0.15385
92.2,0.25464,0.14621
92.233,0.24955,0.14112
92.267,0.25973,0.13857
92.3,0.25846,0.15385
92.333,0.25082,0.13857
92.367,0.25337,0.14621
92.4,0.247,0.13857
92.433,0.2661,0.14876
92.467,0.25209,0.14621
92.5,0.27628,0.15003
92.533,0.27756,0.14494
92.567,0.29411,0.14239
92.6,0.26483,0.14621
92.633,0.27374,0.1564
92.667,0.2801,0.14876
92.7,0.26992,0.11947
92.733,0.27246,0.14748
92.767,0.27501,0.15385
92.8,0.28902,0.15385
92.833,0.28138,0.16022
92.867,0.28138,0.16149
92.9,0.2661,0.15003
92.933,0.27246,0.14876
92.967,0.26864,0.15258
93,0.27756,0.14494
93.033,0.28265,0.14621
93.067,0.2852,0.14621
93.1,0.27246,0.14621
93.133,0.26864,0.14239
93.167,0.26483,0.14621
93.2,0.26228,0.14748
93.233,0.2661,0.1373
93.267,0.26228,0.14748
93.3,0.26355,0.13602
93.333,0.25719,0.12966
93.367,0.25719,0.15894
93.4,0.26737,0.15512
93.433,0.25846,0.14621
93.467,0.27628,0.15512
93.5,0.26355,0.1564
93.533,0.27756,0.14876
93.567,0.26864,0.1564
93.6,0.26864,0.1513
93.633,0.26737,0.1564
93.667,0.27883,0.15003
93.7,0.27756,0.1513
93.733,0.27883,0.14621
93.767,0.29538,0.15894
93.8,0.28265,0.15258
93.833,0.27246,0.14621
93.867,0.27246,0.15258
93.9,0.26992,0.15512
93.933,0.26101,0.15003
93.967,0.25846,0.14494
94,0.26101,0.14876
94.033,0.25973,0.14366
94.067,0.25209,0.1513
94.1,0.25082,0.14748
94.133,0.26101,0.1513
94.167,0.25337,0.14494
94.2,0.25719,0.15003
94.233,0.24955,0.15003
94.267,0.25337,0.14239
94.3,0.25082,0.1513
94.333,0.247,0.13857
94.367,0.26355,0.14621
94.4,0.25337,0.15258
94.433,0.27628,0.15003
94.467,0.27246,0.15258
94.5,0.2852,0.14366
94.533,0.27756,0.13857
94.567,0.27501,0.14876
94.6,0.26864,0.15003
94.633,0.26355,0.14366
94.667,0.28265,0.14621
94.7,0.27374,0.14748
94.733,0.27374,0.14876
94.767,0.26483,0.12966
94.8,0.26992,0.1513
94.833,0.26864,0.14621
94.867,0.2852,0.15385
94.9,0.27756,0.15512
94.933,0.28902,0.14366
94.967,0.27628,0.14366
95,0.27119,0.14112
95.033,0.25973,0.15258
95.067,0.25337,0.14876
95.1,0.27756,0.14239
95.133,0.26355,0.14366
95.167,0.29029,0.13984
95.2,0.28265,0.14112
95.233,0.28392,0.14494
95.267,0.27883,0.1513
95.3,0.2801,0.1513
95.333,0.28265,0.13984
95.367,0.27883,0.14112
95.4,0.26737,0.15767
95.433,0.25973,0.15258
95.467,0.27628,0.15258
95.5,0.27756,0.14494
95.533,0.26992,0.14239
95.567,0.26483,0.14748
95.6,0.26737,0.15258
95.633,0.26483,0.1513
95.667,0.27501,0.14876
95.7,0.2661,0.15003
95.733,0.25464,0.14748
95.767,0.26992,0.14112
95.8,0.26483,0.14112
95.833,0.26864,0.13984
95.867,0.25973,0.15385
95.9,0.27374,0.15258
95.933,0.26737,0.14494
95.967,0.25464,0.13093
96,0.25464,0.13475
96.033,0.247,0.14621
96.067,0.26101,0.1513
96.1,0.25846,0.15258
96.133,0.2661,0.14876
96.167,0.2661,0.14621
96.2,0.27374,0.15258
96.233,0.26864,0.15258
96.267,0.27246,0.15003
96.3,0.27883,0.14621
96.333,0.25973,0.13984
96.367,0.26355,0.14112
96.4,0.2661,0.1373
96.433,0.27374,0.14112
96.467,0.26355,0.14494
96.5,0.27119,0.14112
96.533,0.26228,0.14366
96.567,0.27374,0.13475
96.6,0.27119,0.1564
96.633,0.25337,0.1564
96.667,0.26101,0.14494
96.7,0.26101,0.1564
96.733,0.28265,0.1513
96.767,0.27756,0.15385
96.8,0.27756,0.15385
96.833,0.27119,0.14494
96.867,0.26992,0.14366
96.9,0.26228,0.1564
96.933,0.27628,0.15003
96.967,0.26101,0.15003
97,0.27246,0.14239
97.033,0.26737,0.13984
97.067,0.25591,0.1564
97.1,0.25591,0.14876
97.133,0.25337,0.14366
97.167,0.25337,0.14621
97.2,0.25209,0.13857
97.233,0.26355,0.13602
97.267,0.25973,0.1373
97.3,0.2661,0.14239
97.333,0.26228,0.13984
97.367,0.26355,0.14366
97.4,0.25719,0.13984
97.433,0.26355,0.14876
97.467,0.27119,0.14748
97.5,0.27119,0.14748
97.533,0.26737,0.14748
97.567,0.26355,0.14876
97.6,0.27756,0.1373
97.633,0.2661,0.1704
97.667,0.27501,0.16276
97.7,0.27246,0.16276
97.733,0.27246,0.16531
97.767,0.26864,0.16404
97.8,0.27119,0.16404
97.833,0.27501,0.16276
97.867,0.26355,0.16276
97.9,0.27628,0.16276
97.933,0.27246,0.15894
97.967,0.27628,0.15258
98,0.27246,0.14748
98.033,0.27756,0.13984
98.067,0.27246,0.14112
98.1,0.26737,0.14876
98.133,0.26864,0.15003
98.167,0.26101,0.14748
98.2,0.27501,0.14112
98.233,0.27119,0.14748
98.267,0.27374,0.13984
98.3,0.27119,0.1513
98.333,0.27246,0.16022
98.367,0.26992,0.14621
98.4,0.26864,0.14748
98.433,0.27119,0.14876
98.467,0.26864,0.14876
98.5,0.26483,0.15003
98.533,0.25973,0.14494
98.567,0.26101,0.1513
98.6,0.25464,0.15512
98.633,0.26483,0.14621
98.667,0.25973,0.14366
98.7,0.26101,0.15003
98.733,0.25846,0.14876
98.767,0.24955,0.15512
98.8,0.24827,0.15003
98.833,0.26864,0.14621
98.867,0.26355,0.14366
98.9,0.26228,0.13984
98.933,0.26864,0.14748
98.967,0.26737,0.13984
99,0.26737,0.14239
99.033,0.26355,0.1513
99.067,0.27756,0.14748
99.1,0.27501,0.14621
99.133,0.27628,0.15512
99.167,0.27246,0.1513
99.2,0.28647,0.14112
99.233,0.28265,0.1373
99.267,0.26992,0.14876
99.3,0.26864,0.14876
99.333,0.26737,0.1564
99.367,0.25973,0.14621
99.4,0.25719,0.1513
99.433,0.26864,0.1513
99.467,0.26355,0.14366
99.5,0.26864,0.15767
99.533,0.26483,0.15512
99.567,0.26355,0.14876
99.6,0.25209,0.14621
99.633,0.25464,0.14621
99.667,0.26101,0.13857
99.7,0.25591,0.1513
99.733,0.27501,0.1513
99.767,0.2661,0.15258
99.8,0.26737,0.14621
99.833,0.25591,0.14112
99.867,0.26992,0.1564
99.9,0.26101,0.15512
99.933,0.25973,0.1564
99.967,0.25464,0.1373
100,0.25209,0.14239
